research_item_id,sa_item_id,claude_sonnet_4_thinking_correct,gemini_2_5_pro_correct,grok_4_correct,openai_o3_correct,n_models_correct,all_models_incorrect
RES-000006,SA_0001,1,1,1,1,4,0
RES-000009,SA_0002,1,1,1,1,4,0
RES-000011,SA_0003,1,1,1,1,4,0
RES-000016,SA_0004,0,1,1,1,3,0
RES-000026,SA_0005,1,1,0,1,3,0
RES-000030,SA_0006,1,1,1,1,4,0
RES-000036,SA_0007,0,0,0,0,0,1
RES-000037,SA_0008,0,0,1,0,1,0
RES-000039,SA_0009,0,0,0,0,0,1
RES-000047,SA_0010,0,0,0,0,0,1
RES-000051,SA_0011,1,1,1,1,4,0
RES-000054,SA_0012,0,0,0,0,0,1
RES-000056,SA_0013,0,1,1,1,3,0
RES-000059,SA_0014,0,0,0,0,0,1
RES-000064,SA_0015,0,0,0,0,0,1
RES-000065,SA_0016,1,1,0,1,3,0
RES-000067,SA_0017,0,0,0,0,0,1
RES-000070,SA_0018,0,0,1,0,1,0
RES-000072,SA_0019,1,1,1,1,4,0
RES-000074,SA_0020,1,1,1,1,4,0
RES-000077,SA_0021,1,1,1,1,4,0
RES-000078,SA_0022,0,1,1,1,3,0
RES-000079,SA_0023,1,1,1,1,4,0
RES-000080,SA_0024,0,0,0,0,0,1
RES-000082,SA_0025,0,0,0,0,0,1
RES-000084,SA_0026,0,0,1,0,1,0
RES-000087,SA_0027,0,0,0,0,0,1
RES-000088,SA_0028,0,1,1,1,3,0
RES-000090,SA_0029,0,1,0,1,2,0
RES-000093,SA_0030,0,1,1,1,3,0
RES-000098,SA_0031,0,0,0,0,0,1
RES-000099,SA_0032,0,1,1,1,3,0
RES-000102,SA_0033,0,0,0,0,0,1
RES-000103,SA_0034,0,0,0,0,0,1
RES-000105,SA_0035,1,1,1,1,4,0
RES-000106,SA_0036,0,0,0,0,0,1
RES-000109,SA_0037,0,0,0,0,0,1
RES-000113,SA_0038,1,1,1,0,3,0
RES-000117,SA_0039,0,1,1,1,3,0
RES-000120,SA_0040,0,0,0,0,0,1
RES-000121,SA_0041,0,0,0,0,0,1
RES-000127,SA_0042,0,0,0,0,0,1
RES-000131,SA_0043,0,0,0,0,0,1
RES-000132,SA_0044,0,1,1,1,3,0
RES-000135,SA_0045,1,1,1,1,4,0
RES-000137,SA_0046,1,1,1,1,4,0
RES-000138,SA_0047,0,0,0,0,0,1
RES-000140,SA_0048,0,0,0,0,0,1
RES-000141,SA_0049,0,0,0,0,0,1
RES-000143,SA_0050,1,1,1,1,4,0
RES-000145,SA_0051,0,0,0,0,0,1
RES-000147,SA_0052,0,0,0,0,0,1
RES-000151,SA_0053,1,1,1,1,4,0
RES-000155,SA_0054,0,0,0,0,0,1
RES-000156,SA_0055,0,1,0,0,1,0
RES-000160,SA_0056,0,0,0,0,0,1
RES-000162,SA_0057,0,0,0,0,0,1
RES-000166,SA_0058,0,0,0,0,0,1
RES-000171,SA_0059,1,1,0,0,2,0
RES-000180,SA_0060,0,0,0,0,0,1
RES-000183,SA_0061,1,1,0,0,2,0
RES-000186,SA_0062,0,0,0,0,0,1
RES-000188,SA_0063,0,0,1,0,1,0
RES-000190,SA_0064,0,0,0,0,0,1
RES-000191,SA_0065,0,0,0,0,0,1
RES-000195,SA_0066,1,1,1,1,4,0
RES-000197,SA_0067,0,0,0,0,0,1
RES-000203,SA_0068,1,1,1,1,4,0
RES-000208,SA_0069,0,0,1,0,1,0
RES-000212,SA_0070,0,0,0,0,0,1
RES-000214,SA_0071,0,1,1,1,3,0
RES-000218,SA_0072,0,0,0,0,0,1
RES-000221,SA_0073,0,0,0,0,0,1
RES-000224,SA_0074,0,1,0,1,2,0
RES-000225,SA_0075,1,1,1,1,4,0
RES-000228,SA_0076,0,0,0,0,0,1
RES-000233,SA_0077,0,0,0,0,0,1
RES-000238,SA_0078,0,0,0,0,0,1
RES-000240,SA_0079,0,0,0,0,0,1
RES-000245,SA_0080,1,1,1,1,4,0
RES-000249,SA_0081,0,0,0,0,0,1
RES-000250,SA_0082,0,0,0,0,0,1
RES-000257,SA_0083,0,0,0,0,0,1
RES-000261,SA_0084,0,1,1,1,3,0
RES-000267,SA_0085,0,1,0,0,1,0
RES-000271,SA_0086,1,1,1,1,4,0
RES-000275,SA_0087,0,0,0,0,0,1
RES-000277,SA_0088,1,1,1,1,4,0
RES-000279,SA_0089,0,0,0,0,0,1
RES-000280,SA_0090,0,0,0,0,0,1
RES-000281,SA_0091,0,0,0,0,0,1
RES-000285,SA_0092,1,1,1,1,4,0
RES-000287,SA_0093,0,1,1,1,3,0
RES-000288,SA_0094,0,0,0,0,0,1
RES-000289,SA_0095,0,0,0,0,0,1
RES-000290,SA_0096,0,0,0,0,0,1
RES-000291,SA_0097,0,0,0,0,0,1
RES-000294,SA_0098,0,1,1,1,3,0
RES-000297,SA_0099,1,1,1,1,4,0
RES-000300,SA_0100,0,0,0,0,0,1
RES-000308,SA_0101,0,0,0,0,0,1
RES-000312,SA_0102,0,0,0,0,0,1
RES-000315,SA_0103,0,0,0,0,0,1
RES-000317,SA_0104,0,0,0,0,0,1
RES-000319,SA_0105,0,0,1,0,1,0
RES-000325,SA_0106,0,0,0,0,0,1
RES-000329,SA_0107,0,0,1,0,1,0
RES-000330,SA_0108,0,0,0,0,0,1
RES-000336,SA_0109,0,0,0,0,0,1
RES-000343,SA_0110,0,0,1,0,1,0
RES-000349,SA_0111,0,0,0,0,0,1
RES-000355,SA_0112,0,0,0,0,0,1
RES-000359,SA_0113,0,0,0,0,0,1
RES-000361,SA_0114,0,0,0,0,0,1
RES-000365,SA_0115,0,0,0,0,0,1
RES-000370,SA_0116,0,0,0,0,0,1
RES-000373,SA_0117,0,0,0,0,0,1
RES-000378,SA_0118,0,0,0,0,0,1
RES-000383,SA_0119,0,0,0,0,0,1
RES-000385,SA_0120,0,1,0,1,2,0
RES-000388,SA_0121,0,1,0,1,2,0
RES-000390,SA_0122,0,0,0,0,0,1
RES-000392,SA_0123,0,0,0,0,0,1
RES-000394,SA_0124,0,0,0,0,0,1
RES-000396,SA_0125,1,1,1,1,4,0
RES-000397,SA_0126,1,1,0,0,2,0
RES-000401,SA_0127,0,1,0,1,2,0
RES-000402,SA_0128,0,1,0,1,2,0
RES-000404,SA_0129,0,0,0,0,0,1
RES-000408,SA_0130,1,1,1,1,4,0
RES-000421,SA_0131,0,1,0,1,2,0
RES-000424,SA_0132,0,1,0,1,2,0
RES-000426,SA_0133,0,0,0,0,0,1
RES-000430,SA_0134,0,0,0,0,0,1
RES-000439,SA_0135,0,1,0,1,2,0
RES-000441,SA_0136,0,0,0,0,0,1
RES-000443,SA_0137,1,1,1,1,4,0
RES-000445,SA_0138,0,0,1,0,1,0
RES-000447,SA_0139,1,0,1,0,2,0
RES-000449,SA_0140,1,1,1,1,4,0
RES-000454,SA_0141,0,0,0,0,0,1
RES-000457,SA_0142,1,0,1,0,2,0
RES-000459,SA_0143,0,0,0,0,0,1
RES-000461,SA_0144,0,0,0,0,0,1
RES-000462,SA_0145,0,0,0,0,0,1
RES-000463,SA_0146,0,0,0,0,0,1
RES-000465,SA_0147,0,1,0,1,2,0
RES-000476,SA_0148,0,0,0,0,0,1
RES-000482,SA_0149,0,0,0,0,0,1
RES-000484,SA_0150,1,1,0,1,3,0
RES-000490,SA_0151,0,0,0,0,0,1
RES-000493,SA_0152,0,0,0,0,0,1
RES-000498,SA_0153,0,0,0,0,0,1
RES-000504,SA_0154,0,0,0,0,0,1
RES-000506,SA_0155,1,1,1,1,4,0
RES-000508,SA_0156,0,0,0,0,0,1
RES-000510,SA_0157,0,0,0,0,0,1
RES-000511,SA_0158,1,1,1,1,4,0
RES-000524,SA_0159,0,0,0,0,0,1
RES-000528,SA_0160,0,0,0,0,0,1
RES-000529,SA_0161,0,0,0,0,0,1
RES-000532,SA_0162,0,0,0,0,0,1
RES-000536,SA_0163,0,0,0,0,0,1
RES-000539,SA_0164,0,0,0,0,0,1
RES-000544,SA_0165,0,0,0,0,0,1
RES-000549,SA_0166,1,0,1,0,2,0
RES-000556,SA_0167,0,0,1,0,1,0
RES-000561,SA_0168,0,0,0,0,0,1
RES-000562,SA_0169,0,0,0,0,0,1
RES-000568,SA_0170,0,0,0,0,0,1
RES-000576,SA_0171,0,0,1,1,2,0
RES-000577,SA_0172,0,0,0,0,0,1
RES-000580,SA_0173,0,0,0,0,0,1
RES-000584,SA_0174,0,1,1,1,3,0
RES-000596,SA_0175,1,1,1,1,4,0
RES-000602,SA_0176,1,1,1,1,4,0
RES-000605,SA_0177,1,1,1,0,3,0
RES-000608,SA_0178,1,1,1,1,4,0
RES-000612,SA_0179,0,0,0,0,0,1
RES-000617,SA_0180,0,0,0,0,0,1
RES-000625,SA_0181,0,0,0,0,0,1
RES-000645,SA_0182,0,0,0,0,0,1
RES-000654,SA_0183,1,0,1,0,2,0
RES-000658,SA_0184,0,0,0,0,0,1
RES-000661,SA_0185,0,0,0,0,0,1
RES-000666,SA_0186,0,0,0,0,0,1
RES-000678,SA_0187,0,1,1,1,3,0
RES-000680,SA_0188,0,0,0,0,0,1
RES-000684,SA_0189,1,1,1,1,4,0
RES-000686,SA_0190,1,1,1,1,4,0
RES-000691,SA_0191,0,0,0,0,0,1
RES-000700,SA_0192,0,0,0,0,0,1
RES-000702,SA_0193,0,0,0,0,0,1
RES-000706,SA_0194,0,0,0,0,0,1
RES-000710,SA_0195,0,1,0,1,2,0
RES-000714,SA_0196,0,0,0,0,0,1
RES-000716,SA_0197,1,1,1,1,4,0
RES-000720,SA_0198,0,0,0,0,0,1
RES-000733,SA_0199,0,0,0,0,0,1
RES-000737,SA_0200,0,0,0,0,0,1
RES-000738,SA_0201,0,0,0,0,0,1
RES-000741,SA_0202,0,0,1,0,1,0
RES-000742,SA_0203,1,1,1,1,4,0
RES-000743,SA_0204,0,0,0,0,0,1
RES-000746,SA_0205,1,1,1,1,4,0
RES-000751,SA_0206,1,1,1,1,4,0
RES-000752,SA_0207,0,0,0,0,0,1
RES-000754,SA_0208,0,0,0,0,0,1
RES-000755,SA_0209,1,0,1,0,2,0
RES-000756,SA_0210,0,0,0,0,0,1
RES-000758,SA_0211,0,1,1,1,3,0
RES-000761,SA_0212,0,0,0,0,0,1
RES-000763,SA_0213,0,0,0,0,0,1
RES-000764,SA_0214,1,1,1,1,4,0
RES-000769,SA_0215,1,1,1,1,4,0
RES-000770,SA_0216,1,0,0,0,1,0
RES-000771,SA_0217,0,0,0,0,0,1
RES-000772,SA_0218,0,0,0,0,0,1
RES-000773,SA_0219,1,0,1,0,2,0
RES-000776,SA_0220,0,0,0,0,0,1
RES-000778,SA_0221,0,0,0,0,0,1
RES-000779,SA_0222,0,0,0,0,0,1
RES-000784,SA_0223,0,0,0,0,0,1
RES-000785,SA_0224,0,1,1,1,3,0
RES-000786,SA_0225,0,0,0,0,0,1
RES-000789,SA_0226,0,1,0,0,1,0
RES-000793,SA_0227,0,0,0,0,0,1
RES-000797,SA_0228,0,0,0,0,0,1
RES-000798,SA_0229,0,1,0,1,2,0
RES-000801,SA_0230,1,1,1,1,4,0
RES-000803,SA_0231,0,0,0,0,0,1
RES-000805,SA_0232,0,0,1,0,1,0
RES-000806,SA_0233,0,0,0,0,0,1
RES-000808,SA_0234,0,1,0,0,1,0
RES-000810,SA_0235,0,0,0,0,0,1
RES-000811,SA_0236,0,1,0,0,1,0
RES-000813,SA_0237,1,1,1,1,4,0
RES-000817,SA_0238,1,1,0,1,3,0
RES-000819,SA_0239,0,0,0,0,0,1
RES-000821,SA_0240,0,0,0,0,0,1
RES-000823,SA_0241,1,1,1,1,4,0
RES-000825,SA_0242,0,1,1,1,3,0
RES-000827,SA_0243,1,1,0,1,3,0
RES-000828,SA_0244,0,0,1,0,1,0
RES-000829,SA_0245,0,0,0,0,0,1
RES-000831,SA_0246,0,0,0,0,0,1
RES-000832,SA_0247,0,1,0,1,2,0
RES-000834,SA_0248,0,0,0,0,0,1
RES-000838,SA_0249,0,0,0,0,0,1
RES-000840,SA_0250,0,0,0,0,0,1
RES-000841,SA_0251,0,1,1,0,2,0
RES-000842,SA_0252,0,1,1,1,3,0
RES-000847,SA_0253,0,0,0,0,0,1
RES-000850,SA_0254,0,0,0,0,0,1
RES-000851,SA_0255,0,0,0,0,0,1
RES-000861,SA_0256,0,0,0,0,0,1
RES-000862,SA_0257,0,0,0,0,0,1
RES-000863,SA_0258,1,1,1,1,4,0
RES-000866,SA_0259,0,0,0,0,0,1
RES-000867,SA_0260,0,0,0,0,0,1
RES-000868,SA_0261,0,0,0,0,0,1
RES-000869,SA_0262,1,1,1,1,4,0
RES-000870,SA_0263,0,0,0,0,0,1
RES-000871,SA_0264,1,1,1,1,4,0
RES-000873,SA_0265,0,1,1,1,3,0
RES-000875,SA_0266,0,1,0,1,2,0
RES-000876,SA_0267,1,1,1,1,4,0
RES-000879,SA_0268,1,1,0,1,3,0
RES-000883,SA_0269,0,0,1,0,1,0
RES-000885,SA_0270,0,1,0,1,2,0
RES-000888,SA_0271,0,1,1,1,3,0
RES-000899,SA_0272,1,1,1,1,4,0
RES-000939,SA_0273,0,1,0,1,2,0
RES-000940,SA_0274,0,1,1,0,2,0
RES-000945,SA_0275,0,1,0,1,2,0
RES-000954,SA_0276,1,1,0,1,3,0
RES-000959,SA_0277,0,0,0,0,0,1
RES-000963,SA_0278,0,0,0,0,0,1
RES-000972,SA_0279,1,1,1,0,3,0
RES-000976,SA_0280,0,0,0,0,0,1
RES-000981,SA_0281,0,0,0,0,0,1
RES-000986,SA_0282,0,0,0,0,0,1
RES-000992,SA_0283,1,0,0,0,1,0
RES-000995,SA_0284,1,1,1,1,4,0
RES-000998,SA_0285,0,1,1,1,3,0
RES-001010,SA_0286,0,0,0,0,0,1
RES-001027,SA_0287,0,0,0,0,0,1
RES-001030,SA_0288,0,0,0,0,0,1
RES-001047,SA_0289,1,1,0,0,2,0
RES-001049,SA_0290,1,0,0,0,1,0
RES-001050,SA_0291,0,0,0,0,0,1
RES-001053,SA_0292,0,1,0,1,2,0
RES-001061,SA_0293,1,1,1,1,4,0
RES-001067,SA_0294,0,0,0,0,0,1
RES-001070,SA_0295,0,0,0,0,0,1
RES-001098,SA_0296,0,0,0,0,0,1
RES-001110,SA_0297,0,0,0,0,0,1
RES-001134,SA_0298,0,0,0,0,0,1
RES-001142,SA_0299,1,1,1,1,4,0
RES-001144,SA_0300,0,0,0,0,0,1
RES-001150,SA_0301,1,1,0,1,3,0
RES-001169,SA_0302,0,1,1,1,3,0
RES-001183,SA_0303,0,0,0,0,0,1
RES-001186,SA_0304,0,0,0,0,0,1
RES-001213,SA_0305,0,0,0,0,0,1
RES-001226,SA_0306,0,0,0,0,0,1
RES-001231,SA_0307,1,1,1,1,4,0
RES-001245,SA_0308,0,0,0,0,0,1
RES-001250,SA_0309,1,0,0,1,2,0
RES-001254,SA_0310,0,0,0,0,0,1
RES-001256,SA_0311,0,0,1,0,1,0
RES-001257,SA_0312,0,0,0,0,0,1
RES-001261,SA_0313,0,0,0,0,0,1
RES-001272,SA_0314,1,0,0,0,1,0
RES-001275,SA_0315,1,0,0,0,1,0
RES-001277,SA_0316,1,0,0,0,1,0
RES-001278,SA_0317,1,1,1,1,4,0
RES-001288,SA_0318,0,0,0,0,0,1
RES-001292,SA_0319,0,1,0,1,2,0
RES-001294,SA_0320,0,0,0,0,0,1
RES-001302,SA_0321,0,0,0,0,0,1
RES-001310,SA_0322,0,0,0,0,0,1
RES-001313,SA_0323,0,0,0,0,0,1
RES-001315,SA_0324,0,0,0,0,0,1
RES-001317,SA_0325,1,0,1,0,2,0
RES-001324,SA_0326,0,0,0,0,0,1
RES-001326,SA_0327,1,1,1,1,4,0
RES-001343,SA_0328,0,1,0,0,1,0
RES-001345,SA_0329,1,0,0,0,1,0
RES-001353,SA_0330,0,0,0,0,0,1
RES-001358,SA_0331,0,0,0,0,0,1
RES-001359,SA_0332,0,0,0,0,0,1
RES-001365,SA_0333,0,0,0,1,1,0
RES-001369,SA_0334,0,0,0,0,0,1
RES-001377,SA_0335,0,0,0,0,0,1
RES-001381,SA_0336,0,0,0,0,0,1
RES-001385,SA_0337,0,0,0,0,0,1
RES-001387,SA_0338,0,1,0,0,1,0
RES-001400,SA_0339,0,0,0,0,0,1
RES-001405,SA_0340,0,1,0,0,1,0
RES-001411,SA_0341,0,0,0,0,0,1
RES-001412,SA_0342,1,1,0,1,3,0
RES-001413,SA_0343,1,0,0,0,1,0
RES-001417,SA_0344,1,1,1,1,4,0
RES-001447,SA_0345,1,1,1,1,4,0
RES-001449,SA_0346,0,0,0,0,0,1
RES-001460,SA_0347,1,0,0,0,1,0
RES-001493,SA_0348,1,1,1,1,4,0
RES-001495,SA_0349,0,0,0,0,0,1
RES-001497,SA_0350,0,0,0,0,0,1
RES-001500,SA_0351,0,0,0,0,0,1
RES-001503,SA_0352,1,1,0,1,3,0
RES-001509,SA_0353,0,0,0,0,0,1
RES-001514,SA_0354,0,0,0,0,0,1
RES-001530,SA_0355,1,1,1,1,4,0
RES-001541,SA_0356,1,1,1,1,4,0
RES-001543,SA_0357,0,1,0,1,2,0
RES-001567,SA_0358,0,0,0,0,0,1
RES-001574,SA_0359,0,0,0,0,0,1
RES-001575,SA_0360,0,0,0,0,0,1
RES-001577,SA_0361,0,0,0,0,0,1
RES-001588,SA_0362,1,0,0,0,1,0
RES-001590,SA_0363,1,1,1,1,4,0
RES-001598,SA_0364,1,1,1,0,3,0
RES-001599,SA_0365,0,0,0,0,0,1
RES-001608,SA_0366,0,0,0,0,0,1
RES-001612,SA_0367,0,0,1,1,2,0
RES-001617,SA_0368,0,0,0,0,0,1
RES-001619,SA_0369,0,0,1,0,1,0
RES-001624,SA_0370,1,1,1,1,4,0
RES-001625,SA_0371,0,0,1,1,2,0
RES-001629,SA_0372,0,0,0,0,0,1
RES-001633,SA_0373,1,1,1,1,4,0
RES-001634,SA_0374,1,1,1,1,4,0
RES-001637,SA_0375,1,1,0,1,3,0
RES-001657,SA_0376,1,1,1,1,4,0
RES-001667,SA_0377,0,0,0,0,0,1
RES-001669,SA_0378,0,0,0,0,0,1
RES-001673,SA_0379,0,0,0,0,0,1
RES-001683,SA_0380,0,0,1,1,2,0
RES-001684,SA_0381,1,1,0,0,2,0
RES-001690,SA_0382,1,1,1,1,4,0
RES-001691,SA_0383,0,1,1,0,2,0
RES-001704,SA_0384,0,0,0,0,0,1
RES-001720,SA_0385,0,0,0,0,0,1
RES-001724,SA_0386,0,0,0,1,1,0
RES-001740,SA_0387,0,0,0,0,0,1
RES-001746,SA_0388,0,0,1,0,1,0
RES-001750,SA_0389,0,0,0,0,0,1
RES-001751,SA_0390,0,0,0,0,0,1
RES-001752,SA_0391,0,0,0,1,1,0
RES-001761,SA_0392,0,0,0,0,0,1
RES-001765,SA_0393,0,0,0,0,0,1
RES-001767,SA_0394,0,1,1,0,2,0
RES-001768,SA_0395,0,0,0,0,0,1
RES-001783,SA_0396,1,0,0,0,1,0
RES-001787,SA_0397,0,0,0,0,0,1
RES-001792,SA_0398,0,0,0,0,0,1
RES-001800,SA_0399,0,0,0,0,0,1
RES-001811,SA_0400,0,0,0,0,0,1
RES-001813,SA_0401,0,0,0,0,0,1
RES-001823,SA_0402,0,0,0,0,0,1
RES-001828,SA_0403,0,1,1,0,2,0
RES-001831,SA_0404,0,0,1,0,1,0
RES-001834,SA_0405,0,0,0,0,0,1
RES-001837,SA_0406,0,0,0,0,0,1
RES-001845,SA_0407,0,1,0,1,2,0
RES-001852,SA_0408,0,0,0,0,0,1
RES-001855,SA_0409,0,0,1,0,1,0
RES-001873,SA_0410,1,0,0,0,1,0
RES-001876,SA_0411,1,1,1,1,4,0
RES-001878,SA_0412,0,0,1,0,1,0
RES-001894,SA_0413,1,1,1,1,4,0
RES-001896,SA_0414,0,1,0,0,1,0
RES-001909,SA_0415,0,0,0,0,0,1
RES-001910,SA_0416,0,0,0,0,0,1
RES-001917,SA_0417,0,0,0,0,0,1
RES-001934,SA_0418,0,0,0,0,0,1
RES-001950,SA_0419,0,0,0,0,0,1
RES-001951,SA_0420,0,0,0,0,0,1
RES-001952,SA_0421,0,0,0,0,0,1
RES-001966,SA_0422,0,1,0,1,2,0
RES-001970,SA_0423,1,1,1,1,4,0
RES-001971,SA_0424,0,0,0,0,0,1
RES-001973,SA_0425,1,1,1,1,4,0
RES-002000,SA_0426,1,1,1,1,4,0
RES-002001,SA_0427,1,1,1,1,4,0
RES-002007,SA_0428,1,1,1,1,4,0
RES-002013,SA_0429,0,0,0,0,0,1
RES-002021,SA_0430,0,0,0,0,0,1
RES-002028,SA_0431,0,0,0,0,0,1
RES-002031,SA_0432,1,1,1,1,4,0
RES-002032,SA_0433,0,0,0,0,0,1
RES-002037,SA_0434,0,0,0,0,0,1
RES-002043,SA_0435,0,0,0,0,0,1
RES-002045,SA_0436,1,1,1,1,4,0
RES-002046,SA_0437,1,1,1,1,4,0
RES-002065,SA_0438,0,0,0,0,0,1
RES-002073,SA_0439,0,0,0,0,0,1
RES-002076,SA_0440,0,0,0,0,0,1
RES-002083,SA_0441,0,0,0,0,0,1
RES-002088,SA_0442,1,0,1,1,3,0
RES-002089,SA_0443,0,0,0,0,0,1
RES-002094,SA_0444,0,0,0,0,0,1
RES-002098,SA_0445,0,0,0,0,0,1
RES-002100,SA_0446,1,1,1,0,3,0
RES-002101,SA_0447,0,0,0,0,0,1
RES-002104,SA_0448,0,0,0,0,0,1
RES-002105,SA_0449,1,1,1,0,3,0
RES-002106,SA_0450,0,0,0,0,0,1
RES-002109,SA_0451,0,0,0,0,0,1
RES-002113,SA_0452,0,0,0,0,0,1
RES-002119,SA_0453,0,0,1,0,1,0
RES-002124,SA_0454,0,0,0,0,0,1
RES-002126,SA_0455,0,1,0,0,1,0
RES-002131,SA_0456,0,0,0,0,0,1
RES-002136,SA_0457,0,0,0,0,0,1
RES-002142,SA_0458,0,0,0,0,0,1
RES-002150,SA_0459,0,0,0,0,0,1
RES-002156,SA_0460,1,1,1,0,3,0
RES-002157,SA_0461,0,0,0,0,0,1
RES-002164,SA_0462,0,0,0,0,0,1
RES-002167,SA_0463,0,0,0,0,0,1
RES-002169,SA_0464,0,0,0,0,0,1
RES-002171,SA_0465,1,1,1,1,4,0
RES-002176,SA_0466,0,0,0,0,0,1
RES-002177,SA_0467,0,0,0,0,0,1
RES-002180,SA_0468,0,0,0,0,0,1
RES-002182,SA_0469,0,0,0,0,0,1
RES-002183,SA_0470,0,0,0,0,0,1
RES-002188,SA_0471,0,0,0,0,0,1
RES-002190,SA_0472,0,0,0,0,0,1
RES-002195,SA_0473,0,1,0,0,1,0
RES-002197,SA_0474,0,0,0,0,0,1
RES-002207,SA_0475,0,0,0,0,0,1
RES-002209,SA_0476,0,1,0,0,1,0
RES-002230,SA_0477,0,0,0,0,0,1
RES-002233,SA_0478,1,0,1,0,2,0
RES-002239,SA_0479,0,0,0,0,0,1
RES-002243,SA_0480,1,1,0,1,3,0
RES-002244,SA_0481,0,0,0,0,0,1
RES-002249,SA_0482,0,0,0,0,0,1
RES-002264,SA_0483,1,0,0,0,1,0
RES-002267,SA_0484,0,1,0,0,1,0
RES-002275,SA_0485,0,0,1,0,1,0
RES-002285,SA_0486,0,0,0,0,0,1
RES-002291,SA_0487,0,0,0,0,0,1
RES-002297,SA_0488,1,1,0,0,2,0
RES-002302,SA_0489,1,0,0,0,1,0
RES-002306,SA_0490,0,0,0,0,0,1
RES-002307,SA_0491,0,0,0,0,0,1
RES-002312,SA_0492,1,1,1,0,3,0
RES-002314,SA_0493,0,0,0,0,0,1
RES-002315,SA_0494,0,0,0,0,0,1
RES-002340,SA_0495,0,0,0,0,0,1
RES-002348,SA_0496,0,1,0,1,2,0
RES-002368,SA_0497,0,0,0,0,0,1
RES-002371,SA_0498,0,0,0,0,0,1
RES-002372,SA_0499,0,1,1,0,2,0
RES-002387,SA_0500,0,0,0,0,0,1
RES-002396,SA_0501,0,1,0,0,1,0
RES-002398,SA_0502,0,0,0,0,0,1
RES-002405,SA_0503,1,0,1,1,3,0
RES-002451,SA_0504,0,0,0,0,0,1
RES-002470,SA_0505,0,0,0,0,0,1
RES-002483,SA_0506,0,1,0,0,1,0
RES-002486,SA_0507,0,0,0,0,0,1
RES-002498,SA_0508,0,1,0,0,1,0
RES-002499,SA_0509,0,0,0,0,0,1
RES-002541,SA_0510,0,0,0,0,0,1
RES-002597,SA_0511,0,0,0,0,0,1
RES-002603,SA_0512,0,0,0,0,0,1
RES-002650,SA_0513,0,1,0,0,1,0
RES-002660,SA_0514,0,0,0,0,0,1
RES-002749,SA_0515,0,0,0,0,0,1
RES-002756,SA_0516,0,0,0,0,0,1
RES-002903,SA_0517,0,1,0,0,1,0
RES-002979,SA_0518,0,0,0,1,1,0
RES-003020,SA_0519,0,0,0,0,0,1
RES-003022,SA_0520,1,1,1,1,4,0
RES-003043,SA_0521,0,0,0,0,0,1
RES-003057,SA_0522,0,0,0,0,0,1
RES-003074,SA_0523,0,1,0,0,1,0
RES-003082,SA_0524,0,0,0,0,0,1
RES-003116,SA_0525,0,1,0,0,1,0
RES-003168,SA_0526,0,0,0,0,0,1
RES-003194,SA_0527,0,0,0,0,0,1
RES-003196,SA_0528,0,0,0,0,0,1
RES-003219,SA_0529,1,1,1,1,4,0
RES-003224,SA_0530,0,0,0,0,0,1
RES-003231,SA_0531,0,0,0,1,1,0
RES-003257,SA_0532,1,1,1,0,3,0
RES-003269,SA_0533,0,0,0,0,0,1
RES-003296,SA_0534,0,0,0,0,0,1
RES-003307,SA_0535,0,0,0,0,0,1
RES-003324,SA_0536,0,0,1,0,1,0
RES-003335,SA_0537,1,1,0,0,2,0
RES-003358,SA_0538,0,0,0,0,0,1
RES-003362,SA_0539,1,0,1,1,3,0
RES-003365,SA_0540,0,0,0,0,0,1
RES-003380,SA_0541,0,0,0,0,0,1
RES-003383,SA_0542,0,0,0,0,0,1
RES-003387,SA_0543,0,0,1,0,1,0
RES-003405,SA_0544,0,0,0,0,0,1
RES-003426,SA_0545,0,0,0,0,0,1
RES-003444,SA_0546,0,1,0,0,1,0
RES-003475,SA_0547,0,0,0,0,0,1
RES-003487,SA_0548,0,1,0,1,2,0
RES-003550,SA_0549,0,0,0,0,0,1
RES-003611,SA_0550,0,0,0,0,0,1
RES-003614,SA_0551,0,0,0,0,0,1
RES-003620,SA_0552,1,1,1,0,3,0
RES-003626,SA_0553,0,0,0,0,0,1
RES-003661,SA_0554,0,1,0,1,2,0
RES-003668,SA_0555,0,0,0,0,0,1
RES-003715,SA_0556,0,0,0,0,0,1
RES-003723,SA_0557,0,1,1,0,2,0
RES-003731,SA_0558,1,0,1,1,3,0
RES-003737,SA_0559,0,1,0,0,1,0
RES-003761,SA_0560,1,1,0,0,2,0
RES-003770,SA_0561,0,0,0,1,1,0
RES-003786,SA_0562,0,0,0,1,1,0
RES-003804,SA_0563,0,1,0,0,1,0
RES-003825,SA_0564,1,1,1,0,3,0
RES-003832,SA_0565,0,0,0,0,0,1
RES-003837,SA_0566,0,0,1,0,1,0
RES-003843,SA_0567,0,0,0,0,0,1
RES-003859,SA_0568,0,1,0,0,1,0
RES-003910,SA_0569,1,0,0,0,1,0
RES-003919,SA_0570,0,0,0,0,0,1
RES-003920,SA_0571,0,0,0,0,0,1
RES-003954,SA_0572,0,1,0,0,1,0
RES-003976,SA_0573,0,1,1,0,2,0
RES-003984,SA_0574,0,0,1,0,1,0
RES-004028,SA_0575,0,0,1,1,2,0
RES-004044,SA_0576,0,1,0,1,2,0
RES-004051,SA_0577,1,1,0,0,2,0
RES-004107,SA_0578,0,0,0,0,0,1
RES-004117,SA_0579,0,0,1,0,1,0
RES-004129,SA_0580,0,0,0,0,0,1
RES-004146,SA_0581,0,1,1,1,3,0
RES-004194,SA_0582,0,0,0,0,0,1
RES-004195,SA_0583,0,0,0,0,0,1
RES-004199,SA_0584,0,0,0,1,1,0
RES-004209,SA_0585,1,0,1,0,2,0
RES-004217,SA_0586,1,1,1,1,4,0
RES-004336,SA_0587,0,0,0,0,0,1
RES-004341,SA_0588,1,1,1,1,4,0
RES-004342,SA_0589,0,0,0,0,0,1
RES-004366,SA_0590,0,0,0,0,0,1
RES-004416,SA_0591,0,0,0,0,0,1
RES-004419,SA_0592,0,0,1,1,2,0
RES-004436,SA_0593,0,0,0,0,0,1
RES-004451,SA_0594,0,0,0,0,0,1
RES-004456,SA_0595,0,0,0,0,0,1
RES-004475,SA_0596,0,0,0,0,0,1
RES-004483,SA_0597,0,0,1,0,1,0
RES-004485,SA_0598,0,1,1,1,3,0
RES-004519,SA_0599,0,0,0,0,0,1
RES-004577,SA_0600,0,0,0,0,0,1
RES-004584,SA_0601,0,0,0,0,0,1
RES-004625,SA_0602,0,0,0,0,0,1
RES-004631,SA_0603,0,0,0,0,0,1
RES-004640,SA_0604,1,1,1,1,4,0
RES-004642,SA_0605,1,1,0,1,3,0
RES-004648,SA_0606,0,0,0,0,0,1
RES-004663,SA_0607,0,0,0,0,0,1
RES-004689,SA_0608,0,0,0,0,0,1
RES-004712,SA_0609,0,0,0,0,0,1
RES-004720,SA_0610,0,0,0,0,0,1
RES-004748,SA_0611,0,1,0,1,2,0
RES-004750,SA_0612,0,0,0,0,0,1
RES-004757,SA_0613,0,0,0,0,0,1
RES-004758,SA_0614,0,0,1,0,1,0
RES-004785,SA_0615,0,0,0,0,0,1
RES-004809,SA_0616,1,1,1,0,3,0
RES-004814,SA_0617,1,0,1,0,2,0
RES-004816,SA_0618,0,0,0,0,0,1
RES-004822,SA_0619,1,1,1,1,4,0
RES-004831,SA_0620,1,1,1,1,4,0
RES-004853,SA_0621,0,0,0,1,1,0
RES-004874,SA_0622,1,1,0,0,2,0
RES-004882,SA_0623,0,0,0,0,0,1
RES-004885,SA_0624,0,0,0,0,0,1
RES-004887,SA_0625,1,1,1,1,4,0
RES-004888,SA_0626,0,0,1,0,1,0
RES-004896,SA_0627,0,0,1,0,1,0
RES-004915,SA_0628,0,0,0,0,0,1
RES-004989,SA_0629,0,1,1,1,3,0
RES-005002,SA_0630,0,0,0,0,0,1
RES-005034,SA_0631,0,1,0,0,1,0
RES-005065,SA_0632,0,0,0,0,0,1
RES-005073,SA_0633,0,0,0,0,0,1
RES-005074,SA_0634,0,0,0,0,0,1
RES-005107,SA_0635,0,0,0,0,0,1
RES-005121,SA_0636,0,0,0,0,0,1
RES-005187,SA_0637,0,1,0,1,2,0
RES-005223,SA_0638,0,0,0,0,0,1
RES-005273,SA_0639,1,1,1,1,4,0
RES-005304,SA_0640,0,1,0,0,1,0
RES-005355,SA_0641,0,0,0,0,0,1
RES-005358,SA_0642,0,0,0,1,1,0
RES-005484,SA_0643,0,0,1,0,1,0
RES-005507,SA_0644,1,0,1,0,2,0
RES-005513,SA_0645,0,0,0,0,0,1
RES-005519,SA_0646,0,0,0,0,0,1
RES-005535,SA_0647,0,1,1,0,2,0
RES-005538,SA_0648,1,0,0,1,2,0
RES-005547,SA_0649,1,1,1,0,3,0
RES-005556,SA_0650,0,0,0,0,0,1
RES-005593,SA_0651,0,0,0,0,0,1
RES-005616,SA_0652,1,1,1,1,4,0
RES-005636,SA_0653,0,0,0,0,0,1
RES-005637,SA_0654,0,1,1,0,2,0
RES-005659,SA_0655,0,1,0,0,1,0
RES-005663,SA_0656,0,0,0,0,0,1
RES-005687,SA_0657,1,0,0,0,1,0
RES-005692,SA_0658,1,1,0,1,3,0
RES-005713,SA_0659,1,1,1,0,3,0
RES-005718,SA_0660,0,0,0,0,0,1
RES-005730,SA_0661,0,0,0,0,0,1
RES-005745,SA_0662,0,0,0,1,1,0
RES-005761,SA_0663,0,0,0,0,0,1
RES-005790,SA_0664,0,0,0,0,0,1
RES-005808,SA_0665,0,0,0,0,0,1
RES-005815,SA_0666,0,0,0,0,0,1
RES-005817,SA_0667,0,0,0,0,0,1
RES-005868,SA_0668,0,0,0,1,1,0
RES-005871,SA_0669,0,0,0,0,0,1
RES-005889,SA_0670,1,0,1,0,2,0
RES-005890,SA_0671,0,0,0,1,1,0
RES-005899,SA_0672,0,1,0,0,1,0
RES-005908,SA_0673,0,0,1,0,1,0
RES-005910,SA_0674,1,1,1,0,3,0
RES-005914,SA_0675,0,1,0,0,1,0
RES-005927,SA_0676,0,0,0,0,0,1
RES-005932,SA_0677,0,1,0,0,1,0
RES-005934,SA_0678,0,0,0,0,0,1
RES-005958,SA_0679,0,1,1,0,2,0
RES-005970,SA_0680,1,0,1,1,3,0
RES-005977,SA_0681,0,0,0,0,0,1
RES-005984,SA_0682,0,0,0,0,0,1
RES-005989,SA_0683,0,0,0,0,0,1
RES-006000,SA_0684,0,0,0,0,0,1
RES-006036,SA_0685,1,0,0,0,1,0
RES-006043,SA_0686,1,1,0,1,3,0
RES-006044,SA_0687,0,0,0,0,0,1
RES-006045,SA_0688,1,1,1,1,4,0
RES-006074,SA_0689,0,1,0,1,2,0
RES-006127,SA_0690,1,1,1,1,4,0
RES-006131,SA_0691,0,0,0,0,0,1
RES-006150,SA_0692,0,0,0,0,0,1
RES-006156,SA_0693,0,1,0,1,2,0
RES-006157,SA_0694,1,1,1,1,4,0
RES-006167,SA_0695,0,0,0,0,0,1
RES-006173,SA_0696,0,0,0,0,0,1
RES-006186,SA_0697,0,1,0,1,2,0
RES-006221,SA_0698,1,1,0,1,3,0
RES-006228,SA_0699,0,0,0,0,0,1
RES-006241,SA_0700,0,0,0,0,0,1
RES-006248,SA_0701,0,1,0,1,2,0
RES-006266,SA_0702,0,0,0,0,0,1
RES-006269,SA_0703,0,1,0,0,1,0
RES-006273,SA_0704,0,0,0,0,0,1
RES-006278,SA_0705,0,0,0,0,0,1
RES-006289,SA_0706,0,0,0,1,1,0
RES-006296,SA_0707,0,1,1,1,3,0
RES-006307,SA_0708,0,0,0,0,0,1
RES-006309,SA_0709,0,0,1,1,2,0
RES-006310,SA_0710,0,0,0,0,0,1
RES-006318,SA_0711,0,0,0,0,0,1
RES-006320,SA_0712,0,0,0,0,0,1
RES-006340,SA_0713,0,0,0,0,0,1
RES-006343,SA_0714,1,0,0,0,1,0
RES-006362,SA_0715,0,0,0,0,0,1
RES-006372,SA_0716,0,0,0,0,0,1
RES-006385,SA_0717,0,0,0,0,0,1
RES-006393,SA_0718,1,0,0,0,1,0
RES-006401,SA_0719,0,0,0,0,0,1
RES-006414,SA_0720,0,0,0,0,0,1
RES-006429,SA_0721,0,0,0,0,0,1
RES-006438,SA_0722,0,0,0,0,0,1
RES-006442,SA_0723,0,0,0,0,0,1
RES-006463,SA_0724,0,0,0,0,0,1
RES-006475,SA_0725,0,0,0,0,0,1
RES-006476,SA_0726,0,0,0,0,0,1
RES-006483,SA_0727,0,0,0,0,0,1
RES-006491,SA_0728,1,1,1,1,4,0
RES-006493,SA_0729,0,0,0,0,0,1
RES-006502,SA_0730,0,0,0,0,0,1
RES-006518,SA_0731,0,0,0,0,0,1
RES-006532,SA_0732,1,0,1,0,2,0
RES-006536,SA_0733,0,0,1,0,1,0
RES-006548,SA_0734,0,0,0,0,0,1
RES-006554,SA_0735,0,0,0,0,0,1
RES-006557,SA_0736,0,0,0,0,0,1
RES-006558,SA_0737,1,1,0,0,2,0
RES-006562,SA_0738,0,0,0,0,0,1
RES-006574,SA_0739,1,0,0,0,1,0
RES-006598,SA_0740,1,1,0,1,3,0
RES-006607,SA_0741,0,0,0,0,0,1
RES-006608,SA_0742,0,1,0,0,1,0
RES-006613,SA_0743,0,0,0,0,0,1
RES-006637,SA_0744,1,0,1,1,3,0
RES-006647,SA_0745,1,1,1,1,4,0
RES-006648,SA_0746,1,1,0,1,3,0
RES-006668,SA_0747,1,0,0,1,2,0
RES-006680,SA_0748,1,1,1,1,4,0
RES-006684,SA_0749,1,1,1,1,4,0
RES-006689,SA_0750,0,1,0,1,2,0
RES-006701,SA_0751,0,0,0,0,0,1
RES-006704,SA_0752,1,1,1,1,4,0
RES-006708,SA_0753,0,0,0,0,0,1
RES-006714,SA_0754,0,0,0,0,0,1
RES-006717,SA_0755,1,0,1,1,3,0
RES-006737,SA_0756,0,0,0,0,0,1
RES-006742,SA_0757,0,0,0,0,0,1
RES-006751,SA_0758,0,0,0,0,0,1
RES-006756,SA_0759,0,0,0,0,0,1
RES-006765,SA_0760,0,0,0,0,0,1
RES-006772,SA_0761,0,0,0,0,0,1
RES-006787,SA_0762,0,0,0,0,0,1
RES-006820,SA_0763,1,1,0,1,3,0
RES-006830,SA_0764,1,1,1,1,4,0
RES-006838,SA_0765,0,0,0,0,0,1
RES-006844,SA_0766,1,1,0,0,2,0
RES-006852,SA_0767,0,1,1,0,2,0
RES-006861,SA_0768,0,0,0,0,0,1
RES-006864,SA_0769,0,0,0,0,0,1
RES-006867,SA_0770,1,1,1,0,3,0
RES-006884,SA_0771,0,0,0,0,0,1
RES-006887,SA_0772,0,0,1,0,1,0
RES-006888,SA_0773,0,0,0,0,0,1
RES-006891,SA_0774,0,0,0,0,0,1
RES-006898,SA_0775,0,1,1,0,2,0
RES-006913,SA_0776,1,1,0,1,3,0
RES-006916,SA_0777,0,0,0,0,0,1
RES-006934,SA_0778,1,0,1,0,2,0
RES-006968,SA_0779,0,0,0,0,0,1
RES-006978,SA_0780,0,0,0,0,0,1
RES-006984,SA_0781,0,0,1,0,1,0
RES-006985,SA_0782,0,0,0,1,1,0
RES-006994,SA_0783,0,1,1,0,2,0
RES-006999,SA_0784,0,0,0,0,0,1
RES-007007,SA_0785,0,1,0,1,2,0
RES-007011,SA_0786,0,0,0,0,0,1
RES-007025,SA_0787,0,0,0,0,0,1
RES-007027,SA_0788,0,0,0,0,0,1
RES-007035,SA_0789,1,1,1,1,4,0
RES-007046,SA_0790,0,0,0,0,0,1
RES-007050,SA_0791,0,1,1,0,2,0
RES-007055,SA_0792,1,1,1,1,4,0
RES-007058,SA_0793,1,1,0,1,3,0
RES-007060,SA_0794,0,0,1,1,2,0
RES-007062,SA_0795,0,1,1,1,3,0
RES-007065,SA_0796,1,0,1,1,3,0
RES-007068,SA_0797,0,0,0,0,0,1
RES-007071,SA_0798,0,1,0,0,1,0
RES-007074,SA_0799,1,1,1,1,4,0
RES-007087,SA_0800,1,1,1,1,4,0
RES-007093,SA_0801,1,1,0,0,2,0
RES-007145,SA_0802,1,1,1,0,3,0
RES-007161,SA_0803,1,1,1,1,4,0
RES-007162,SA_0804,0,0,0,0,0,1
RES-007235,SA_0805,1,0,0,0,1,0
RES-007244,SA_0806,1,1,1,0,3,0
RES-007268,SA_0807,1,1,0,1,3,0
RES-007284,SA_0808,0,0,0,0,0,1
RES-007297,SA_0809,0,0,0,0,0,1
RES-007317,SA_0810,0,0,0,0,0,1
RES-007324,SA_0811,0,0,0,1,1,0
RES-007332,SA_0812,0,0,0,0,0,1
RES-007355,SA_0813,0,0,0,0,0,1
RES-007368,SA_0814,1,1,1,1,4,0
RES-007370,SA_0815,1,1,1,1,4,0
RES-007371,SA_0816,0,0,0,0,0,1
RES-007374,SA_0817,1,0,0,0,1,0
RES-007379,SA_0818,0,0,1,0,1,0
RES-007380,SA_0819,0,0,0,0,0,1
RES-007381,SA_0820,0,1,0,0,1,0
RES-007382,SA_0821,0,0,0,0,0,1
RES-007383,SA_0822,1,1,1,1,4,0
RES-007386,SA_0823,1,1,1,0,3,0
RES-007387,SA_0824,0,1,0,0,1,0
RES-007389,SA_0825,0,0,0,0,0,1
RES-007390,SA_0826,0,0,0,0,0,1
RES-007394,SA_0827,0,0,0,0,0,1
RES-007396,SA_0828,1,1,1,0,3,0
RES-007397,SA_0829,0,0,0,0,0,1
RES-007404,SA_0830,0,0,0,0,0,1
RES-007407,SA_0831,0,0,0,0,0,1
RES-007411,SA_0832,1,0,0,1,2,0
RES-007414,SA_0833,0,0,0,0,0,1
RES-007415,SA_0834,1,1,1,0,3,0
RES-007416,SA_0835,1,1,1,1,4,0
RES-007420,SA_0836,0,0,0,0,0,1
RES-007421,SA_0837,1,1,0,0,2,0
RES-007422,SA_0838,0,0,0,0,0,1
RES-007424,SA_0839,1,0,0,0,1,0
RES-007426,SA_0840,0,0,1,0,1,0
RES-007429,SA_0841,0,1,0,0,1,0
RES-007430,SA_0842,0,1,1,1,3,0
RES-007432,SA_0843,0,0,0,0,0,1
RES-007433,SA_0844,0,0,0,0,0,1
RES-007434,SA_0845,0,0,0,0,0,1
RES-007435,SA_0846,1,1,1,0,3,0
RES-007440,SA_0847,0,1,0,0,1,0
RES-007441,SA_0848,1,0,0,0,1,0
RES-007447,SA_0849,0,0,0,0,0,1
RES-007450,SA_0850,0,0,0,0,0,1
RES-007451,SA_0851,0,0,1,1,2,0
RES-007452,SA_0852,1,1,1,0,3,0
RES-007453,SA_0853,0,0,0,0,0,1
RES-007454,SA_0854,0,0,0,0,0,1
RES-007455,SA_0855,0,0,0,0,0,1
RES-007462,SA_0856,0,0,0,0,0,1
RES-007464,SA_0857,0,1,1,0,2,0
RES-007465,SA_0858,0,0,1,0,1,0
RES-007467,SA_0859,0,0,0,1,1,0
RES-007469,SA_0860,0,1,0,0,1,0
RES-007470,SA_0861,0,0,0,0,0,1
RES-007472,SA_0862,1,1,0,1,3,0
RES-007473,SA_0863,1,1,0,1,3,0
RES-007476,SA_0864,0,0,0,0,0,1
RES-007479,SA_0865,0,0,0,0,0,1
RES-007482,SA_0866,0,0,0,0,0,1
RES-007483,SA_0867,1,0,1,1,3,0
RES-007486,SA_0868,0,1,0,0,1,0
RES-007487,SA_0869,0,0,0,0,0,1
RES-007490,SA_0870,0,0,0,0,0,1
RES-007493,SA_0871,0,0,0,0,0,1
RES-007495,SA_0872,0,0,1,0,1,0
RES-007496,SA_0873,1,0,1,0,2,0
RES-007498,SA_0874,1,1,1,1,4,0
RES-007504,SA_0875,0,0,0,0,0,1
RES-007506,SA_0876,0,0,0,0,0,1
RES-007507,SA_0877,1,1,1,1,4,0
RES-007508,SA_0878,1,1,1,1,4,0
RES-007511,SA_0879,0,1,1,0,2,0
RES-007512,SA_0880,0,1,1,0,2,0
RES-007514,SA_0881,1,1,1,1,4,0
RES-007515,SA_0882,1,1,0,1,3,0
RES-007517,SA_0883,0,0,0,0,0,1
RES-007518,SA_0884,1,1,0,0,2,0
RES-007522,SA_0885,0,0,0,0,0,1
RES-007526,SA_0886,0,0,0,0,0,1
RES-007527,SA_0887,0,0,1,0,1,0
RES-007528,SA_0888,0,0,0,0,0,1
RES-007532,SA_0889,0,0,0,0,0,1
RES-007533,SA_0890,1,1,0,1,3,0
RES-007535,SA_0891,1,1,1,1,4,0
RES-007536,SA_0892,1,1,0,1,3,0
RES-007537,SA_0893,0,1,0,0,1,0
RES-007542,SA_0894,0,0,0,0,0,1
RES-007543,SA_0895,0,0,0,0,0,1
RES-007544,SA_0896,0,0,0,1,1,0
RES-007547,SA_0897,0,0,0,0,0,1
RES-007549,SA_0898,0,0,0,0,0,1
RES-007552,SA_0899,0,0,0,0,0,1
RES-007554,SA_0900,0,0,0,0,0,1
RES-007556,SA_0901,0,0,1,0,1,0
RES-007557,SA_0902,0,0,0,0,0,1
RES-007558,SA_0903,1,0,0,0,1,0
RES-007559,SA_0904,0,0,0,0,0,1
RES-007560,SA_0905,1,0,1,1,3,0
RES-007562,SA_0906,0,0,0,0,0,1
RES-007564,SA_0907,0,0,0,0,0,1
RES-007565,SA_0908,0,0,0,0,0,1
RES-007567,SA_0909,0,0,0,0,0,1
RES-007569,SA_0910,1,0,0,1,2,0
RES-007571,SA_0911,0,0,0,0,0,1
RES-007574,SA_0912,0,0,0,0,0,1
RES-007576,SA_0913,0,0,0,0,0,1
RES-007581,SA_0914,1,1,0,0,2,0
RES-007582,SA_0915,1,1,1,1,4,0
RES-007583,SA_0916,0,0,0,1,1,0
RES-007585,SA_0917,0,0,0,0,0,1
RES-007586,SA_0918,1,0,1,0,2,0
RES-007592,SA_0919,0,0,0,1,1,0
RES-007593,SA_0920,1,0,1,0,2,0
RES-007594,SA_0921,0,0,0,0,0,1
RES-007596,SA_0922,0,1,1,1,3,0
RES-007597,SA_0923,0,1,1,1,3,0
RES-007606,SA_0924,1,1,1,1,4,0
RES-007608,SA_0925,0,0,1,0,1,0
RES-007612,SA_0926,0,0,1,1,2,0
RES-007613,SA_0927,0,0,0,0,0,1
RES-007614,SA_0928,0,0,0,0,0,1
RES-007615,SA_0929,0,0,0,0,0,1
RES-007617,SA_0930,1,1,1,1,4,0
RES-007620,SA_0931,1,0,0,0,1,0
RES-007623,SA_0932,1,1,0,1,3,0
RES-007625,SA_0933,0,0,1,0,1,0
RES-007628,SA_0934,0,0,0,0,0,1
RES-007632,SA_0935,0,0,0,0,0,1
RES-007634,SA_0936,1,0,0,0,1,0
RES-007636,SA_0937,0,0,0,0,0,1
RES-007638,SA_0938,0,0,0,0,0,1
RES-007639,SA_0939,0,0,0,0,0,1
RES-007640,SA_0940,0,0,0,1,1,0
RES-007641,SA_0941,1,1,1,1,4,0
RES-007642,SA_0942,0,0,0,0,0,1
RES-007643,SA_0943,1,0,0,0,1,0
RES-007644,SA_0944,0,0,0,0,0,1
RES-007648,SA_0945,0,0,0,0,0,1
RES-007649,SA_0946,1,1,1,1,4,0
RES-007650,SA_0947,0,0,0,0,0,1
RES-007652,SA_0948,0,0,1,0,1,0
RES-007654,SA_0949,0,0,0,0,0,1
RES-007656,SA_0950,0,0,1,0,1,0
RES-007657,SA_0951,0,0,0,0,0,1
RES-007658,SA_0952,0,0,0,1,1,0
RES-007659,SA_0953,0,1,1,1,3,0
RES-007660,SA_0954,0,0,0,0,0,1
RES-007663,SA_0955,1,1,1,0,3,0
RES-007665,SA_0956,0,0,0,0,0,1
RES-007667,SA_0957,0,0,0,0,0,1
RES-007671,SA_0958,0,0,1,0,1,0
RES-007672,SA_0959,0,0,0,0,0,1
RES-007675,SA_0960,0,0,0,0,0,1
RES-007678,SA_0961,0,0,0,0,0,1
RES-007681,SA_0962,0,0,1,0,1,0
RES-007682,SA_0963,0,0,0,0,0,1
RES-007686,SA_0964,1,1,1,1,4,0
RES-007687,SA_0965,0,0,0,0,0,1
RES-007689,SA_0966,0,0,0,0,0,1
RES-007690,SA_0967,0,0,0,0,0,1
RES-007692,SA_0968,0,0,0,0,0,1
RES-007696,SA_0969,0,0,0,0,0,1
RES-007698,SA_0970,1,1,1,0,3,0
RES-007701,SA_0971,0,0,0,0,0,1
RES-007702,SA_0972,0,0,1,0,1,0
RES-007705,SA_0973,0,0,0,0,0,1
RES-007707,SA_0974,1,1,1,0,3,0
RES-007708,SA_0975,0,0,0,0,0,1
RES-007710,SA_0976,0,0,1,0,1,0
RES-007711,SA_0977,0,0,0,0,0,1
RES-007712,SA_0978,0,0,0,0,0,1
RES-007713,SA_0979,0,0,0,0,0,1
RES-007717,SA_0980,0,0,0,0,0,1
RES-007718,SA_0981,0,0,0,0,0,1
RES-007720,SA_0982,0,0,0,0,0,1
RES-007721,SA_0983,0,0,0,0,0,1
RES-007722,SA_0984,0,0,1,1,2,0
RES-007724,SA_0985,0,0,0,0,0,1
RES-007728,SA_0986,0,0,0,0,0,1
RES-007732,SA_0987,1,1,0,0,2,0
RES-007733,SA_0988,0,1,1,1,3,0
RES-007735,SA_0989,0,0,0,0,0,1
RES-007737,SA_0990,0,0,0,0,0,1
RES-007739,SA_0991,0,0,0,0,0,1
RES-007741,SA_0992,0,0,0,0,0,1
RES-007743,SA_0993,0,0,0,0,0,1
RES-007745,SA_0994,0,0,0,0,0,1
RES-007747,SA_0995,1,0,0,0,1,0
RES-007751,SA_0996,0,1,0,1,2,0
RES-007752,SA_0997,0,1,0,0,1,0
RES-007753,SA_0998,1,0,0,0,1,0
RES-007754,SA_0999,0,1,0,0,1,0
RES-007755,SA_1000,0,1,1,1,3,0
RES-007758,SA_1001,1,0,0,0,1,0
RES-007759,SA_1002,1,0,1,1,3,0
RES-007760,SA_1003,0,0,0,0,0,1
RES-007761,SA_1004,0,0,1,0,1,0
RES-007762,SA_1005,1,0,0,0,1,0
RES-007765,SA_1006,0,0,1,0,1,0
RES-007766,SA_1007,0,0,0,0,0,1
RES-007768,SA_1008,1,1,0,0,2,0
RES-007769,SA_1009,1,0,1,1,3,0
RES-007771,SA_1010,0,0,0,0,0,1
RES-007774,SA_1011,0,0,0,0,0,1
RES-007775,SA_1012,0,0,0,0,0,1
RES-007776,SA_1013,1,0,1,1,3,0
RES-007777,SA_1014,0,0,0,0,0,1
RES-007779,SA_1015,1,1,1,1,4,0
RES-007781,SA_1016,0,0,1,1,2,0
RES-007782,SA_1017,0,0,0,0,0,1
RES-007783,SA_1018,0,0,0,0,0,1
RES-007784,SA_1019,0,0,1,0,1,0
RES-007785,SA_1020,0,0,0,0,0,1
RES-007786,SA_1021,0,0,0,0,0,1
RES-007787,SA_1022,0,0,0,0,0,1
RES-007788,SA_1023,0,0,1,0,1,0
RES-007789,SA_1024,0,0,1,1,2,0
RES-007790,SA_1025,0,0,0,0,0,1
RES-007791,SA_1026,0,1,0,0,1,0
RES-007792,SA_1027,0,0,0,0,0,1
RES-007794,SA_1028,0,1,1,1,3,0
RES-007795,SA_1029,1,1,0,1,3,0
RES-007799,SA_1030,0,0,0,0,0,1
RES-007801,SA_1031,0,0,0,0,0,1
RES-007803,SA_1032,0,0,1,1,2,0
RES-007806,SA_1033,0,0,0,0,0,1
RES-007807,SA_1034,0,0,0,0,0,1
RES-007810,SA_1035,0,0,0,0,0,1
RES-007813,SA_1036,1,1,1,1,4,0
RES-007817,SA_1037,0,0,0,0,0,1
RES-007819,SA_1038,0,0,0,0,0,1
RES-007822,SA_1039,1,1,1,1,4,0
RES-007823,SA_1040,0,0,0,0,0,1
RES-007826,SA_1041,0,1,1,0,2,0
RES-007827,SA_1042,1,1,1,1,4,0
RES-007829,SA_1043,0,0,0,0,0,1
RES-007830,SA_1044,0,1,1,1,3,0
RES-007832,SA_1045,0,0,1,0,1,0
RES-007833,SA_1046,0,1,1,0,2,0
RES-007834,SA_1047,0,0,0,0,0,1
RES-007838,SA_1048,0,0,0,0,0,1
RES-007839,SA_1049,0,0,1,0,1,0
RES-007840,SA_1050,0,0,0,0,0,1
RES-007845,SA_1051,0,0,0,0,0,1
RES-007851,SA_1052,0,0,0,0,0,1
RES-007852,SA_1053,0,0,0,0,0,1
RES-007854,SA_1054,0,0,0,0,0,1
RES-007855,SA_1055,1,1,1,1,4,0
RES-007856,SA_1056,0,0,0,0,0,1
RES-007857,SA_1057,0,0,1,0,1,0
RES-007859,SA_1058,0,0,0,0,0,1
RES-007861,SA_1059,1,1,1,1,4,0
RES-007863,SA_1060,0,0,0,0,0,1
RES-007868,SA_1061,0,0,0,0,0,1
RES-007874,SA_1062,0,1,0,0,1,0
RES-007875,SA_1063,0,0,0,0,0,1
RES-007876,SA_1064,0,0,0,0,0,1
RES-007879,SA_1065,0,1,0,0,1,0
RES-007883,SA_1066,0,0,1,0,1,0
RES-007884,SA_1067,0,1,1,0,2,0
RES-007887,SA_1068,0,0,1,1,2,0
RES-007892,SA_1069,0,0,0,0,0,1
RES-007893,SA_1070,0,1,1,1,3,0
RES-007895,SA_1071,1,0,1,1,3,0
RES-007897,SA_1072,0,0,0,0,0,1
RES-007899,SA_1073,1,0,0,0,1,0
RES-007900,SA_1074,1,1,1,1,4,0
RES-007901,SA_1075,0,1,1,1,3,0
RES-007902,SA_1076,0,0,0,0,0,1
RES-007904,SA_1077,0,0,0,0,0,1
RES-007906,SA_1078,0,1,0,1,2,0
RES-007909,SA_1079,0,0,0,0,0,1
RES-007912,SA_1080,0,0,0,0,0,1
RES-007914,SA_1081,0,0,0,0,0,1
RES-007915,SA_1082,1,1,1,1,4,0
RES-007917,SA_1083,0,0,0,0,0,1
RES-007919,SA_1084,0,0,0,0,0,1
RES-007920,SA_1085,0,0,0,0,0,1
RES-007923,SA_1086,0,0,0,0,0,1
RES-007924,SA_1087,0,0,0,0,0,1
RES-007927,SA_1088,0,0,0,0,0,1
RES-007931,SA_1089,0,1,0,1,2,0
RES-007936,SA_1090,0,0,0,0,0,1
RES-007937,SA_1091,0,0,0,0,0,1
RES-007940,SA_1092,0,0,0,0,0,1
RES-007943,SA_1093,0,0,0,0,0,1
RES-007947,SA_1094,0,0,0,0,0,1
RES-007948,SA_1095,0,0,0,0,0,1
RES-007951,SA_1096,0,0,0,0,0,1
RES-007953,SA_1097,0,0,0,0,0,1
RES-007954,SA_1098,0,1,1,1,3,0
RES-007955,SA_1099,0,0,1,0,1,0
RES-007959,SA_1100,0,0,0,0,0,1
RES-007963,SA_1101,1,0,0,0,1,0
RES-007964,SA_1102,0,0,0,0,0,1
RES-007967,SA_1103,0,0,0,0,0,1
RES-007969,SA_1104,0,0,0,1,1,0
RES-007970,SA_1105,0,1,0,1,2,0
RES-007971,SA_1106,0,1,0,0,1,0
RES-007973,SA_1107,1,1,0,1,3,0
RES-007976,SA_1108,0,0,0,0,0,1
RES-007978,SA_1109,0,0,0,0,0,1
RES-007980,SA_1110,0,0,0,0,0,1
RES-007982,SA_1111,0,1,0,1,2,0
RES-007984,SA_1112,0,0,0,0,0,1
RES-007987,SA_1113,1,1,1,1,4,0
RES-007992,SA_1114,1,1,1,1,4,0
RES-007997,SA_1115,1,1,1,1,4,0
RES-008000,SA_1116,0,1,1,1,3,0
RES-008005,SA_1117,0,0,0,0,0,1
RES-008006,SA_1118,0,0,0,1,1,0
RES-008010,SA_1119,1,1,1,1,4,0
RES-008012,SA_1120,0,0,1,1,2,0
RES-008013,SA_1121,0,1,1,0,2,0
RES-008016,SA_1122,0,0,0,0,0,1
RES-008019,SA_1123,1,0,0,0,1,0
RES-008021,SA_1124,0,0,0,0,0,1
RES-008023,SA_1125,0,0,0,0,0,1
RES-008025,SA_1126,1,1,1,1,4,0
RES-008027,SA_1127,0,1,0,0,1,0
RES-008028,SA_1128,0,0,1,0,1,0
RES-008031,SA_1129,0,1,0,0,1,0
RES-008035,SA_1130,0,0,1,0,1,0
RES-008036,SA_1131,1,1,0,1,3,0
RES-008037,SA_1132,0,0,0,0,0,1
RES-008039,SA_1133,0,0,0,0,0,1
RES-008040,SA_1134,0,0,0,0,0,1
RES-008042,SA_1135,0,0,0,0,0,1
RES-008044,SA_1136,0,0,0,0,0,1
RES-008045,SA_1137,0,0,0,0,0,1
RES-008047,SA_1138,0,0,0,0,0,1
RES-008048,SA_1139,0,0,0,0,0,1
RES-008050,SA_1140,0,0,0,0,0,1
RES-008051,SA_1141,0,0,0,0,0,1
RES-008052,SA_1142,0,0,0,0,0,1
RES-008054,SA_1143,0,0,0,0,0,1
RES-008055,SA_1144,0,0,0,0,0,1
RES-008057,SA_1145,0,0,0,0,0,1
RES-008061,SA_1146,0,0,0,0,0,1
RES-008062,SA_1147,0,0,0,0,0,1
RES-008064,SA_1148,0,0,0,0,0,1
RES-008067,SA_1149,1,1,0,0,2,0
RES-008068,SA_1150,1,1,1,0,3,0
RES-008081,SA_1151,0,0,0,0,0,1
RES-008083,SA_1152,1,1,1,0,3,0
RES-008089,SA_1153,0,0,0,0,0,1
RES-008090,SA_1154,0,1,0,0,1,0
RES-008091,SA_1155,0,0,0,0,0,1
RES-008092,SA_1156,1,0,0,0,1,0
RES-008093,SA_1157,0,0,0,0,0,1
RES-008097,SA_1158,0,0,0,0,0,1
RES-008098,SA_1159,0,0,0,0,0,1
RES-008099,SA_1160,0,0,1,0,1,0
RES-008101,SA_1161,0,0,0,0,0,1
RES-008105,SA_1162,0,0,0,0,0,1
RES-008108,SA_1163,0,0,0,0,0,1
RES-008110,SA_1164,1,1,1,0,3,0
RES-008113,SA_1165,0,0,0,0,0,1
RES-008114,SA_1166,0,0,0,0,0,1
RES-008115,SA_1167,0,0,1,0,1,0
RES-008118,SA_1168,1,1,1,1,4,0
RES-008120,SA_1169,0,1,0,0,1,0
RES-008121,SA_1170,0,0,0,0,0,1
RES-008123,SA_1171,0,0,1,0,1,0
RES-008124,SA_1172,0,1,1,1,3,0
RES-008126,SA_1173,0,0,0,0,0,1
RES-008128,SA_1174,0,0,0,0,0,1
RES-008129,SA_1175,0,0,0,0,0,1
RES-008132,SA_1176,1,0,0,0,1,0
RES-008134,SA_1177,0,0,0,0,0,1
RES-008135,SA_1178,0,1,0,0,1,0
RES-008141,SA_1179,0,0,1,1,2,0
RES-008143,SA_1180,0,0,0,0,0,1
RES-008145,SA_1181,0,0,0,0,0,1
RES-008148,SA_1182,0,0,0,0,0,1
RES-008156,SA_1183,0,0,0,1,1,0
RES-008158,SA_1184,0,0,0,0,0,1
RES-008159,SA_1185,0,0,0,0,0,1
RES-008161,SA_1186,0,0,0,0,0,1
RES-008164,SA_1187,1,1,0,1,3,0
RES-008167,SA_1188,0,1,1,0,2,0
RES-008171,SA_1189,0,0,0,0,0,1
RES-008176,SA_1190,1,1,1,1,4,0
RES-008182,SA_1191,0,0,0,0,0,1
RES-008187,SA_1192,1,0,1,0,2,0
RES-008188,SA_1193,0,0,0,0,0,1
RES-008193,SA_1194,0,0,0,0,0,1
RES-008196,SA_1195,0,0,1,0,1,0
RES-008200,SA_1196,0,0,0,0,0,1
RES-008205,SA_1197,0,1,0,0,1,0
RES-008209,SA_1198,0,0,0,0,0,1
RES-008212,SA_1199,0,0,0,0,0,1
RES-008215,SA_1200,0,0,0,0,0,1
RES-008218,SA_1201,0,0,0,0,0,1
RES-008221,SA_1202,0,0,0,0,0,1
RES-008222,SA_1203,1,0,1,1,3,0
RES-008226,SA_1204,0,0,0,0,0,1
RES-008227,SA_1205,0,0,0,0,0,1
RES-008230,SA_1206,0,1,1,1,3,0
RES-008235,SA_1207,0,0,0,0,0,1
RES-008237,SA_1208,0,0,0,0,0,1
RES-008240,SA_1209,1,1,0,1,3,0
RES-008241,SA_1210,1,1,0,0,2,0
RES-008244,SA_1211,1,1,1,1,4,0
RES-008245,SA_1212,0,0,0,0,0,1
RES-008247,SA_1213,0,0,0,0,0,1
RES-008248,SA_1214,0,0,0,1,1,0
RES-008250,SA_1215,0,1,0,0,1,0
RES-008255,SA_1216,0,0,1,0,1,0
RES-008260,SA_1217,0,0,0,0,0,1
RES-008263,SA_1218,0,0,0,0,0,1
RES-008264,SA_1219,0,0,1,0,1,0
RES-008266,SA_1220,0,0,0,0,0,1
RES-008269,SA_1221,0,1,1,0,2,0
RES-008273,SA_1222,1,1,1,1,4,0
RES-008276,SA_1223,0,0,0,0,0,1
RES-008279,SA_1224,0,0,0,0,0,1
RES-008282,SA_1225,0,0,0,0,0,1
RES-008286,SA_1226,0,0,0,0,0,1
RES-008287,SA_1227,0,0,0,0,0,1
RES-008289,SA_1228,0,0,0,0,0,1
RES-008293,SA_1229,0,0,0,0,0,1
RES-008295,SA_1230,0,1,0,0,1,0
RES-008297,SA_1231,0,0,0,1,1,0
RES-008300,SA_1232,0,1,1,1,3,0
RES-008302,SA_1233,1,0,1,0,2,0
RES-008303,SA_1234,0,0,0,0,0,1
RES-008304,SA_1235,0,1,1,0,2,0
RES-008306,SA_1236,0,0,1,0,1,0
RES-008308,SA_1237,0,0,0,0,0,1
RES-008310,SA_1238,0,0,0,0,0,1
RES-008313,SA_1239,0,0,0,0,0,1
RES-008315,SA_1240,0,0,0,0,0,1
RES-008316,SA_1241,1,1,0,1,3,0
RES-008317,SA_1242,0,0,0,0,0,1
RES-008318,SA_1243,1,0,0,0,1,0
RES-008320,SA_1244,0,0,0,0,0,1
RES-008321,SA_1245,1,1,0,1,3,0
RES-008323,SA_1246,0,0,0,0,0,1
RES-008324,SA_1247,0,0,0,0,0,1
RES-008325,SA_1248,0,0,0,0,0,1
RES-008327,SA_1249,0,0,0,0,0,1
RES-008329,SA_1250,0,0,0,0,0,1
RES-008331,SA_1251,0,0,0,0,0,1
RES-008333,SA_1252,0,0,0,0,0,1
RES-008334,SA_1253,0,0,0,0,0,1
RES-008335,SA_1254,1,1,1,1,4,0
RES-008336,SA_1255,0,0,1,0,1,0
RES-008341,SA_1256,1,1,1,1,4,0
RES-008342,SA_1257,1,1,0,1,3,0
RES-008348,SA_1258,0,0,0,0,0,1
RES-008349,SA_1259,0,0,0,0,0,1
RES-008351,SA_1260,0,0,0,0,0,1
RES-008353,SA_1261,1,1,0,0,2,0
RES-008360,SA_1262,0,0,0,0,0,1
RES-008370,SA_1263,0,0,0,0,0,1
RES-008372,SA_1264,0,0,0,0,0,1
RES-008379,SA_1265,0,0,0,0,0,1
RES-008383,SA_1266,1,0,0,0,1,0
RES-008386,SA_1267,1,1,1,1,4,0
RES-008390,SA_1268,0,0,0,0,0,1
RES-008394,SA_1269,0,0,0,0,0,1
RES-008399,SA_1270,1,1,0,0,2,0
RES-008402,SA_1271,0,0,1,0,1,0
RES-008406,SA_1272,0,0,0,0,0,1
RES-008409,SA_1273,0,0,1,0,1,0
RES-008412,SA_1274,0,0,0,0,0,1
RES-008415,SA_1275,0,0,0,0,0,1
RES-008417,SA_1276,0,0,0,0,0,1
RES-008419,SA_1277,0,0,0,0,0,1
RES-008423,SA_1278,0,0,0,0,0,1
RES-008427,SA_1279,0,0,0,0,0,1
RES-008429,SA_1280,0,0,0,0,0,1
RES-008434,SA_1281,1,1,1,1,4,0
RES-008439,SA_1282,1,1,1,1,4,0
RES-008468,SA_1283,0,1,0,1,2,0
RES-008481,SA_1284,1,0,0,0,1,0
RES-008485,SA_1285,1,1,1,1,4,0
RES-008507,SA_1286,0,0,1,0,1,0
RES-008509,SA_1287,0,1,0,0,1,0
RES-008515,SA_1288,0,0,0,0,0,1
RES-008518,SA_1289,0,0,1,0,1,0
RES-008589,SA_1290,0,0,0,0,0,1
RES-008590,SA_1291,1,1,1,1,4,0
RES-008603,SA_1292,0,0,0,0,0,1
RES-008620,SA_1293,0,0,0,0,0,1
RES-008621,SA_1294,0,0,0,0,0,1
RES-008640,SA_1295,0,0,0,0,0,1
RES-008641,SA_1296,0,1,1,0,2,0
RES-008652,SA_1297,0,0,0,0,0,1
RES-008770,SA_1298,0,0,0,0,0,1
RES-008842,SA_1299,0,0,0,0,0,1
RES-008851,SA_1300,1,0,0,0,1,0
RES-008864,SA_1301,0,1,0,0,1,0
RES-008871,SA_1302,0,0,0,0,0,1
RES-008896,SA_1303,0,0,0,0,0,1
RES-008904,SA_1304,0,0,0,0,0,1
RES-008912,SA_1305,0,0,0,0,0,1
RES-008914,SA_1306,0,0,0,1,1,0
RES-008929,SA_1307,0,0,0,0,0,1
RES-008942,SA_1308,0,0,0,0,0,1
RES-008945,SA_1309,0,0,0,0,0,1
RES-008946,SA_1310,0,1,0,1,2,0
RES-008965,SA_1311,1,1,0,1,3,0
RES-008974,SA_1312,0,1,0,0,1,0
RES-008977,SA_1313,1,1,0,0,2,0
RES-008981,SA_1314,0,0,0,0,0,1
RES-008994,SA_1315,0,0,0,0,0,1
RES-009007,SA_1316,0,0,0,0,0,1
RES-009029,SA_1317,0,1,0,0,1,0
RES-009030,SA_1318,1,1,1,1,4,0
RES-009033,SA_1319,0,0,0,0,0,1
RES-009040,SA_1320,0,1,0,1,2,0
RES-009046,SA_1321,0,0,0,0,0,1
RES-009050,SA_1322,0,0,0,0,0,1
RES-009053,SA_1323,0,0,0,0,0,1
RES-009056,SA_1324,0,0,0,0,0,1
RES-009108,SA_1325,1,0,0,0,1,0
RES-009152,SA_1326,1,1,0,0,2,0
RES-009155,SA_1327,0,0,0,0,0,1
RES-009157,SA_1328,1,1,1,0,3,0
RES-009162,SA_1329,0,0,0,0,0,1
RES-009175,SA_1330,0,0,0,0,0,1
RES-009199,SA_1331,0,0,0,1,1,0
RES-009204,SA_1332,0,0,0,0,0,1
RES-009210,SA_1333,0,0,0,0,0,1
RES-009222,SA_1334,0,0,0,0,0,1
RES-009230,SA_1335,0,0,0,0,0,1
RES-009232,SA_1336,0,0,0,0,0,1
RES-009235,SA_1337,0,0,0,0,0,1
RES-009240,SA_1338,0,1,0,0,1,0
RES-009271,SA_1339,0,1,0,0,1,0
RES-009277,SA_1340,0,1,0,1,2,0
RES-009293,SA_1341,0,0,0,0,0,1
RES-009320,SA_1342,0,0,1,0,1,0
RES-009331,SA_1343,0,0,0,0,0,1
RES-009336,SA_1344,0,0,0,0,0,1
RES-009355,SA_1345,0,0,0,0,0,1
RES-009358,SA_1346,0,0,0,0,0,1
RES-009375,SA_1347,0,0,1,0,1,0
RES-009390,SA_1348,1,1,1,1,4,0
RES-009416,SA_1349,0,0,0,0,0,1
RES-009481,SA_1350,0,0,0,0,0,1
RES-009511,SA_1351,0,1,0,0,1,0
RES-009516,SA_1352,0,1,0,1,2,0
RES-009554,SA_1353,0,1,0,0,1,0
RES-009560,SA_1354,0,1,0,0,1,0
RES-009566,SA_1355,0,0,1,0,1,0
RES-009568,SA_1356,0,0,0,0,0,1
RES-009574,SA_1357,0,0,0,0,0,1
RES-009580,SA_1358,0,0,0,0,0,1
RES-009587,SA_1359,0,1,0,1,2,0
RES-009588,SA_1360,0,0,0,0,0,1
RES-009607,SA_1361,0,0,0,0,0,1
RES-009614,SA_1362,0,0,0,0,0,1
RES-009615,SA_1363,0,0,0,0,0,1
RES-009627,SA_1364,0,0,0,0,0,1
RES-009648,SA_1365,0,0,0,0,0,1
RES-009657,SA_1366,0,0,0,0,0,1
RES-009666,SA_1367,0,1,0,0,1,0
RES-009688,SA_1368,0,1,0,0,1,0
RES-009697,SA_1369,0,0,0,0,0,1
RES-009703,SA_1370,1,0,0,0,1,0
RES-009719,SA_1371,0,0,0,0,0,1
RES-009733,SA_1372,1,1,1,1,4,0
RES-009752,SA_1373,0,0,0,0,0,1
RES-009839,SA_1374,0,1,1,1,3,0
RES-009844,SA_1375,1,0,1,0,2,0
RES-009875,SA_1376,0,0,0,0,0,1
RES-009909,SA_1377,1,1,1,1,4,0
RES-009955,SA_1378,0,1,0,1,2,0
RES-009958,SA_1379,1,1,1,1,4,0
RES-009975,SA_1380,0,0,0,0,0,1
RES-009977,SA_1381,0,0,0,0,0,1
RES-010011,SA_1382,0,0,0,0,0,1
RES-010021,SA_1383,0,0,0,0,0,1
RES-010045,SA_1384,0,0,0,0,0,1
RES-010047,SA_1385,1,0,1,1,3,0
RES-010061,SA_1386,0,0,1,0,1,0
RES-010110,SA_1387,0,1,0,0,1,0
RES-010111,SA_1388,0,0,0,0,0,1
RES-010144,SA_1389,0,1,0,0,1,0
RES-010161,SA_1390,0,0,0,1,1,0
RES-010182,SA_1391,0,0,0,0,0,1
RES-010245,SA_1392,1,0,0,0,1,0
RES-010280,SA_1393,0,1,0,0,1,0
RES-010291,SA_1394,0,0,0,0,0,1
RES-010301,SA_1395,0,0,0,0,0,1
RES-010305,SA_1396,0,0,0,0,0,1
RES-010306,SA_1397,0,0,0,0,0,1
RES-010308,SA_1398,0,1,1,0,2,0
RES-010312,SA_1399,0,0,0,0,0,1
RES-010323,SA_1400,1,1,1,0,3,0
RES-010325,SA_1401,0,1,1,0,2,0
RES-010339,SA_1402,1,1,1,1,4,0
RES-010382,SA_1403,0,1,0,0,1,0
RES-010441,SA_1404,0,0,0,0,0,1
RES-010488,SA_1405,0,0,0,0,0,1
RES-010490,SA_1406,0,0,0,0,0,1
RES-010494,SA_1407,0,0,0,1,1,0
RES-010498,SA_1408,0,0,0,0,0,1
RES-010505,SA_1409,0,0,0,0,0,1
RES-010508,SA_1410,0,1,0,0,1,0
RES-010513,SA_1411,0,0,1,1,2,0
RES-010518,SA_1412,0,0,1,0,1,0
RES-010525,SA_1413,0,0,0,0,0,1
RES-010532,SA_1414,0,0,0,0,0,1
RES-010537,SA_1415,1,1,1,1,4,0
RES-010545,SA_1416,0,0,0,0,0,1
RES-010548,SA_1417,0,1,1,1,3,0
RES-010550,SA_1418,0,0,0,0,0,1
RES-010557,SA_1419,0,0,0,0,0,1
RES-010563,SA_1420,0,0,1,0,1,0
RES-010567,SA_1421,1,0,1,1,3,0
RES-010580,SA_1422,0,0,0,0,0,1
RES-010590,SA_1423,0,0,0,0,0,1
RES-010598,SA_1424,0,1,0,0,1,0
RES-010606,SA_1425,1,1,1,0,3,0
RES-010607,SA_1426,0,1,0,0,1,0
RES-010608,SA_1427,0,0,0,0,0,1
RES-010611,SA_1428,0,0,0,0,0,1
RES-010616,SA_1429,0,0,0,1,1,0
RES-010621,SA_1430,0,0,0,0,0,1
RES-010625,SA_1431,0,0,0,0,0,1
RES-010626,SA_1432,0,0,1,0,1,0
RES-010638,SA_1433,0,0,0,0,0,1
RES-010640,SA_1434,0,0,0,0,0,1
RES-010643,SA_1435,1,1,1,1,4,0
RES-010648,SA_1436,1,1,1,1,4,0
RES-010649,SA_1437,1,1,1,1,4,0
RES-010652,SA_1438,0,0,0,0,0,1
RES-010659,SA_1439,0,0,0,0,0,1
RES-010660,SA_1440,0,0,0,0,0,1
RES-010675,SA_1441,0,0,0,0,0,1
RES-010690,SA_1442,1,1,0,0,2,0
RES-010699,SA_1443,0,1,0,0,1,0
RES-010712,SA_1444,0,0,0,0,0,1
RES-010716,SA_1445,0,0,0,0,0,1
RES-010717,SA_1446,0,0,0,0,0,1
RES-010725,SA_1447,0,0,0,0,0,1
RES-010726,SA_1448,0,0,1,0,1,0
RES-010729,SA_1449,0,0,1,0,1,0
RES-010731,SA_1450,1,1,0,1,3,0
RES-010733,SA_1451,0,0,0,0,0,1
RES-010738,SA_1452,1,0,1,1,3,0
RES-010749,SA_1453,0,0,0,0,0,1
RES-010765,SA_1454,0,0,0,0,0,1
RES-010768,SA_1455,1,1,1,0,3,0
RES-010770,SA_1456,0,0,0,0,0,1
RES-010772,SA_1457,1,1,0,0,2,0
RES-010779,SA_1458,1,0,1,0,2,0
RES-010782,SA_1459,0,0,1,0,1,0
RES-010783,SA_1460,0,1,1,0,2,0
